{
  "final_avg_train_loss": 0.15155550168840576,
  "last_test_acc": 0.8333333333333334
}