{
  "final_avg_train_loss": 0.15042870523903867,
  "last_test_acc": 0.8216666666666667
}