{
  "final_train_loss": 0.13394121825695038,
  "last_test_acc": 0.8738095164299011
}