{
  "final_avg_train_loss": 0.1863003430767454,
  "last_test_acc": 0.8733333333333333
}