{
  "final_train_loss": 0.15821340680122375,
  "last_test_acc": 0.8833333253860474
}