{
  "final_train_loss": 0.14968831837177277,
  "last_test_acc": 0.856249988079071
}