{
  "final_train_loss": 0.6902807354927063,
  "last_test_acc": 0.699999988079071
}