{
  "final_avg_train_loss": 0.7423356449325308,
  "last_test_acc": 0.7222222222222222
}