{
  "final_train_loss": 0.15463776886463165,
  "last_test_acc": 0.8641666769981384
}