{
  "final_avg_train_loss": 0.16422619062254754,
  "last_test_acc": 0.9033333333333333
}