experiment,run_id,script,graph_tag,graph_type,num_nodes,num_edges_physical,num_edges_message_passing,seed,epochs,lr,hidden_dim,d_model,num_heads,num_layers,ff_dim,dropout,max_dist,max_degree,split_t,num_timesteps,num_features,X_shape,Y_shape,pos_weight,last_test_acc,best_test_acc,final_train_loss,final_avg_train_loss,final_logged_epoch,run_path
baseline,20260404_091923,train_baseline_v1.py,N20_tiered_scale_free,tiered_scale_free,20,32,64,7,200,0.05,,,,,,,,,139,199,3,"[199, 20, 3]","[199, 20]",0.23640882968902588,0.8641666769981384,0.8641666769981384,0.15463776886463165,,200,runs/baseline/20260404_091923
baseline,20260404_092653,train_baseline_v1.py,N40_tiered_scale_free,tiered_scale_free,40,68,136,7,200,0.05,,,,,,,,,139,199,3,"[199, 40, 3]","[199, 40]",0.2768687903881073,0.8341666460037231,0.8341666460037231,0.16682782769203186,,200,runs/baseline/20260404_092653
gcn,20260404_091925,train_gcn_v2.py,N20_tiered_scale_free,tiered_scale_free,20,32,64,7,300,0.01,16,,,,,,,,139,199,3,"[199, 20, 3]","[199, 20]",0.23640882968902588,0.8141666666666667,0.8141666666666667,,0.1917185671359515,300,runs/gcn/20260404_091925
gcn,20260404_092654,train_gcn_v2.py,N40_tiered_scale_free,tiered_scale_free,40,68,136,7,300,0.01,16,,,,,,,,139,199,3,"[199, 40, 3]","[199, 40]",0.2768687903881073,0.775,0.7754166666666666,,0.1942925983838898,300,runs/gcn/20260404_092654
graph_transformer,20260404_091936,train_graph_transformer_v1.py,N20_tiered_scale_free,tiered_scale_free,20,32,64,7,300,0.005,,32,4,2,64,0.1,,,139,199,3,"[199, 20, 3]","[199, 20]",0.23640882968902588,0.865,0.865,,0.14934447965175984,300,runs/graph_transformer/20260404_091936
graph_transformer,20260404_092705,train_graph_transformer_v1.py,N40_tiered_scale_free,tiered_scale_free,40,68,136,7,300,0.005,,32,4,2,64,0.1,,,139,199,3,"[199, 40, 3]","[199, 40]",0.2768687903881073,0.8291666666666667,0.8325,,0.16141380391103757,300,runs/graph_transformer/20260404_092705
graphormer,20260404_092115,train_graphormer_v1.py,N20_tiered_scale_free,tiered_scale_free,20,32,64,7,300,0.005,,32,4,2,64,0.1,4,16,139,199,4,"[199, 20, 4]","[199, 20]",0.23640882968902588,0.8641666666666666,0.8708333333333333,,0.15129730073239306,300,runs/graphormer/20260404_092115
graphormer,20260404_092852,train_graphormer_v1.py,N40_tiered_scale_free,tiered_scale_free,40,68,136,7,300,0.005,,32,4,2,64,0.1,4,16,139,199,4,"[199, 40, 4]","[199, 40]",0.2768687903881073,0.82125,0.82125,,0.15603325582987113,300,runs/graphormer/20260404_092852
