{
  "final_avg_train_loss": 0.1817165942822429,
  "last_test_acc": 0.8708333333333333
}