{
  "final_train_loss": 0.16758087277412415,
  "last_test_acc": 0.8500000238418579
}