{
  "final_avg_train_loss": 0.19117870215299748,
  "last_test_acc": 0.8071428571428572
}