{
  "final_train_loss": 0.18787771463394165,
  "last_test_acc": 0.871666669845581
}