{
  "final_train_loss": 0.19236169755458832,
  "last_test_acc": 0.9066666960716248
}