{
  "final_avg_train_loss": 0.2171617961026353,
  "last_test_acc": 0.8408333333333333
}