{
  "final_avg_train_loss": 0.15603325582987113,
  "last_test_acc": 0.82125
}