{
  "final_avg_train_loss": 0.1917185671359515,
  "last_test_acc": 0.8141666666666667
}