{
  "final_avg_train_loss": 0.23927057561256904,
  "last_test_acc": 0.7929166666666667
}