{
  "final_avg_train_loss": 0.15408128033653437,
  "last_test_acc": 0.8222222222222222
}