{
  "final_avg_train_loss": 0.13933876670709403,
  "last_test_acc": 0.8216666666666667
}