{
  "final_avg_train_loss": 0.19784192614954152,
  "last_test_acc": 0.7466666666666667
}