{
  "final_avg_train_loss": 0.16202433929919338,
  "last_test_acc": 0.8091666666666667
}