{
  "final_train_loss": 0.15398502349853516,
  "last_test_acc": 0.949999988079071
}