{
  "final_avg_train_loss": 0.1339697868114324,
  "last_test_acc": 0.8785714285714286
}