{
  "final_avg_train_loss": 0.16141380391103757,
  "last_test_acc": 0.8291666666666667
}