{
  "final_avg_train_loss": 0.1508863643347788,
  "last_test_acc": 0.85625
}