{
  "final_avg_train_loss": 0.23230753587089853,
  "last_test_acc": 0.7933333333333333
}