{
  "final_train_loss": 0.6902783513069153,
  "last_test_acc": 0.699999988079071
}