{
  "final_avg_train_loss": 0.1512756691106575,
  "last_test_acc": 0.7952380952380952
}