{
  "final_train_loss": 0.16682782769203186,
  "last_test_acc": 0.8341666460037231
}