{
  "final_avg_train_loss": 0.16347542783017638,
  "last_test_acc": 0.7222222222222222
}