{
  "final_train_loss": 0.17518582940101624,
  "last_test_acc": 0.8949999809265137
}