{
  "final_avg_train_loss": 0.18920705837311505,
  "last_test_acc": 0.8620833333333333
}