{
  "final_avg_train_loss": 0.15129730073239306,
  "last_test_acc": 0.8641666666666666
}