{
  "final_train_loss": 0.1570591777563095,
  "last_test_acc": 0.824999988079071
}