{
  "final_avg_train_loss": 0.15920086647216364,
  "last_test_acc": 0.8833333333333333
}