{
  "final_avg_train_loss": 0.17764002347378421,
  "last_test_acc": 0.81875
}