{
  "final_avg_train_loss": 0.17874314233982305,
  "last_test_acc": 0.8958333333333334
}