{
  "final_train_loss": 0.1810845583677292,
  "last_test_acc": 0.8229166865348816
}