{
  "final_train_loss": 0.1982835978269577,
  "last_test_acc": 0.8575000166893005
}