{
  "final_avg_train_loss": 0.7614661716728759,
  "last_test_acc": 0.6722222222222223
}