{
  "final_avg_train_loss": 0.13950365269221635,
  "last_test_acc": 0.8533333333333334
}